{"cameraMode":{"drawMode":0,"name":"Shaded","section":"Shading Mode"},"sceneLighting":true,"audioPlay":false,"sceneViewState":{"showFog":true,"showMaterialUpdate":false,"showSkybox":true,"showFlares":true,"showImageEffects":true,"showParticleSystems":true},"in2DMode":false,"pivot":{"x":11.198318481445313,"y":16.191787719726564,"z":-10.616021156311036},"rotation":{"x":0.06049150601029396,"y":-0.04998934641480446,"z":0.003000761615112424,"w":0.9969303607940674},"size":168.9208526611328,"orthographic":true}