{"cameraMode":{"drawMode":0,"name":"Shaded","section":"Shading Mode"},"sceneLighting":true,"audioPlay":false,"sceneViewState":{"showFog":true,"showMaterialUpdate":false,"showSkybox":true,"showFlares":true,"showImageEffects":true,"showParticleSystems":true},"in2DMode":false,"pivot":{"x":-0.5000877380371094,"y":-2.914970874786377,"z":-4.35861349105835},"rotation":{"x":0.013199558481574059,"y":-0.010816694237291813,"z":0.00016403268091380596,"w":0.9998889565467835},"size":2.4452342987060549,"orthographic":false}