{"cameraMode":{"drawMode":0,"name":"Shaded","section":"Shading Mode"},"sceneLighting":false,"audioPlay":false,"sceneViewState":{"showFog":true,"showMaterialUpdate":false,"showSkybox":false,"showFlares":true,"showImageEffects":true,"showParticleSystems":true},"in2DMode":false,"pivot":{"x":-42.02000045776367,"y":5.960000038146973,"z":24.21875},"rotation":{"x":0.07761260867118836,"y":0.0005946159944869578,"z":0.00005385700933402404,"w":-0.9969916939735413},"size":44.797332763671878,"orthographic":true}