{"cameraMode":{"drawMode":0,"name":"Shaded","section":"Shading Mode"},"sceneLighting":true,"audioPlay":false,"sceneViewState":{"showFog":true,"showMaterialUpdate":false,"showSkybox":true,"showFlares":true,"showImageEffects":true,"showParticleSystems":true},"in2DMode":false,"pivot":{"x":0.0,"y":-2.380000114440918,"z":2.309999942779541},"rotation":{"x":-0.013198214583098889,"y":0.014670755714178086,"z":0.00017346216191072017,"w":0.9998941421508789},"size":16.988317489624025,"orthographic":false}