{"cameraMode":{"drawMode":0,"name":"Shaded","section":"Shading Mode"},"sceneLighting":true,"audioPlay":false,"sceneViewState":{"showFog":true,"showMaterialUpdate":false,"showSkybox":true,"showFlares":true,"showImageEffects":true,"showParticleSystems":true},"in2DMode":false,"pivot":{"x":0.03495888411998749,"y":0.8722140789031982,"z":0.2756817638874054},"rotation":{"x":0.1803157478570938,"y":0.09278476983308792,"z":-0.01715705916285515,"w":0.9791260957717896},"size":0.46192339062690737,"orthographic":false}